id,first_name,last_name,email,gender,ip_address
1,Demetri,Keenan,dkeenan0@cbslocal.com,Male,215.25.16.205
2,Broddy,Emanulsson,bemanulsson1@weibo.com,Male,175.2.44.18
3,Dolph,Laterza,dlaterza2@theglobeandmail.com,Male,244.99.112.201
4,Zena,Adelberg,zadelberg3@tinypic.com,Female,236.1.98.157
5,Merci,Bussen,mbussen4@phpbb.com,Female,65.227.81.212
6,Chickie,Tournay,ctournay5@google.pl,Genderfluid,189.200.59.230
7,Jaine,Jachimczak,jjachimczak6@globo.com,Female,220.53.157.35
8,Rona,Tantrum,rtantrum7@feedburner.com,Female,79.143.251.40
9,Whittaker,Hirtzmann,whirtzmann8@ezinearticles.com,Male,28.136.225.193
10,Pavia,Husset,phusset9@miibeian.gov.cn,Female,189.155.73.96
11,Starr,Klulisek,skluliseka@bravesites.com,Non-binary,58.81.131.135
12,Silvie,Jannex,sjannexb@sfgate.com,Female,138.194.45.41
13,Pen,Clearley,pclearleyc@cnbc.com,Female,95.166.245.68
14,Pablo,Echelle,pechelled@jimdo.com,Male,156.14.237.242
15,Philippa,Panas,ppanase@answers.com,Female,111.76.87.146
16,Neila,Velten,nveltenf@squidoo.com,Female,225.25.0.176
17,Ardeen,Bartlett,abartlettg@huffingtonpost.com,Female,39.172.199.204
18,Babs,O'Heyne,boheyneh@blogger.com,Female,149.57.232.161
19,Hayyim,Khoter,hkhoteri@slate.com,Male,118.240.203.117
20,Hazel,Milmore,hmilmorej@soundcloud.com,Male,187.246.239.245
21,Nerte,Deveraux,ndeverauxk@google.co.jp,Female,39.141.98.48
22,Jud,Strute,jstrutel@netvibes.com,Male,121.167.162.190
23,Marj,Chapier,mchapierm@cornell.edu,Female,162.166.179.48
24,Arnold,Vescovo,avescovon@tinypic.com,Male,197.139.55.199
25,Roy,Ogelsby,rogelsbyo@chicagotribune.com,Male,100.214.235.63
26,Gris,O'Halloran,gohalloranp@blogspot.com,Male,201.157.253.158
27,Rudie,Le Conte,rleconteq@imageshack.us,Bigender,125.136.217.158
28,Micky,Mathet,mmathetr@indiegogo.com,Male,241.14.106.62
29,Caitrin,MacAlaster,cmacalasters@plala.or.jp,Female,199.237.42.17
30,Auroora,Goulter,agoultert@multiply.com,Female,19.228.57.135
31,Anallese,Peattie,apeattieu@mashable.com,Female,110.224.17.155
32,Brandy,Henfre,bhenfrev@google.pl,Female,153.1.38.85
33,Minette,Edgson,medgsonw@cam.ac.uk,Female,55.249.105.195
34,Lemmie,Middlebrook,lmiddlebrookx@mtv.com,Male,35.4.132.147
35,Batholomew,Linebarger,blinebargery@trellian.com,Male,65.164.51.35
36,Ellsworth,Siman,esimanz@google.cn,Male,1.95.237.223
37,Orland,Fowlston,ofowlston10@kickstarter.com,Male,136.200.140.191
38,Kerry,Lacer,klacer11@ycombinator.com,Male,8.12.21.111
39,Amandy,McReedy,amcreedy12@github.io,Female,120.77.241.181
40,Kennett,Carrabot,kcarrabot13@blogtalkradio.com,Polygender,213.68.200.68
41,Ava,Rowell,arowell14@w3.org,Female,202.159.202.48
42,Moritz,Switland,mswitland15@domainmarket.com,Male,163.35.34.116
43,Saul,Sargint,ssargint16@google.co.jp,Male,132.13.207.60
44,Colas,Mahoney,cmahoney17@ebay.com,Male,63.72.163.29
45,Gottfried,Islep,gislep18@multiply.com,Male,101.231.92.198
46,Aliza,Klouz,aklouz19@huffingtonpost.com,Female,19.213.9.97
47,Kerk,Cootes,kcootes1a@wikimedia.org,Male,235.4.120.76
48,Albie,Hughes,ahughes1b@last.fm,Male,149.38.192.40
49,Kurt,Rowler,krowler1c@ustream.tv,Male,54.13.36.83
50,Karlis,Keets,kkeets1d@ed.gov,Male,81.241.126.36
51,Ulrike,Clarkin,uclarkin1e@people.com.cn,Female,252.103.64.127
52,Nicholas,Heditch,nheditch1f@omniture.com,Male,78.237.44.180
53,Boot,Rumbellow,brumbellow1g@xing.com,Male,163.146.238.71
54,Rosaleen,Reynalds,rreynalds1h@networksolutions.com,Female,14.65.116.216
55,Dode,Berni,dberni1i@prnewswire.com,Female,1.243.39.244
56,Tait,Gallant,tgallant1j@amazonaws.com,Male,193.6.18.159
57,Dana,Rewcastle,drewcastle1k@upenn.edu,Female,198.48.164.183
58,Mic,Birds,mbirds1l@chron.com,Male,172.70.89.32
59,Feliks,Crux,fcrux1m@posterous.com,Male,154.11.12.11
60,Maurine,Houseman,mhouseman1n@army.mil,Female,139.126.119.57
61,Liza,Vedenyapin,lvedenyapin1o@mapy.cz,Female,167.32.154.36
62,Kane,Hardy-Piggin,khardypiggin1p@discovery.com,Male,46.94.166.89
63,Dorine,Cawthera,dcawthera1q@godaddy.com,Female,12.152.162.18
64,Lamar,Mucklow,lmucklow1r@ibm.com,Male,134.132.71.194
65,Steven,Swatland,sswatland1s@pbs.org,Male,236.79.174.140
66,Valentijn,Cleeton,vcleeton1t@jimdo.com,Genderfluid,221.172.51.138
67,Dara,Girardoni,dgirardoni1u@cnn.com,Female,23.189.107.252
68,Jeramey,Van De Cappelle,jvandecappelle1v@ovh.net,Male,81.212.132.224
69,Hamil,Vineall,hvineall1w@wp.com,Male,5.64.181.132
70,Jess,Broster,jbroster1x@tinyurl.com,Female,161.174.85.91
71,Merrili,Menlow,mmenlow1y@phpbb.com,Female,178.222.176.201
72,Kendre,Ruckert,kruckert1z@yahoo.co.jp,Female,139.92.209.36
73,Harley,Hadny,hhadny20@google.it,Genderqueer,129.144.210.182
74,Gerick,Sutcliffe,gsutcliffe21@furl.net,Male,180.210.107.10
75,Cullan,Osbiston,cosbiston22@shinystat.com,Male,173.98.142.41
76,Burl,Santi,bsanti23@independent.co.uk,Male,97.242.224.135
77,Lelah,Baskett,lbaskett24@skyrock.com,Female,40.171.152.225
78,Tibold,Diehn,tdiehn25@hubpages.com,Male,164.244.235.121
79,Sheela,Storm,sstorm26@canalblog.com,Female,172.59.198.178
80,Oates,Longson,olongson27@soup.io,Male,51.163.58.80
81,Gwenora,Floyd,gfloyd28@wunderground.com,Female,190.248.107.81
82,Maurene,Eggle,meggle29@engadget.com,Female,199.249.193.6
83,Sydney,Windybank,swindybank2a@ox.ac.uk,Female,184.250.243.179
84,Ibbie,Grono,igrono2b@senate.gov,Female,13.154.114.46
85,Sammy,Vasyukhin,svasyukhin2c@about.com,Female,27.144.28.36
86,Lynda,Bentham3,lbentham2d@lycos.com,Female,28.84.203.251
87,Onofredo,Plaxton,oplaxton2e@yellowbook.com,Male,153.51.95.198
88,Charmane,Chaffin,cchaffin2f@friendfeed.com,Agender,0.41.107.175
89,Skipper,Veale,sveale2g@quantcast.com,Male,222.2.78.149
90,Eolanda,Brotheridge,ebrotheridge2h@shop-pro.jp,Female,183.59.88.54
91,Courtnay,Kimbury,ckimbury2i@boston.com,Female,99.40.80.39
92,Waite,Oland,woland2j@wikimedia.org,Male,65.92.151.9
93,Jillian,Gages,jgages2k@prlog.org,Female,42.89.51.204
94,Fax,Burlingham,fburlingham2l@aol.com,Male,15.108.252.213
95,Sarah,Madison,smadison2m@blogspot.com,Female,94.253.145.25
96,Christal,Ciccone,cciccone2n@marriott.com,Genderfluid,131.5.61.117
97,Fernandina,Poulden,fpoulden2o@foxnews.com,Female,86.173.121.89
98,Abie,Wastling,awastling2p@topsy.com,Genderqueer,180.220.217.88
99,Claudell,Ruste,cruste2q@ehow.com,Male,50.150.148.132
100,Kinsley,Dillingstone,kdillingstone2r@163.com,Male,225.71.35.79
101,Abe,Thredder,athredder2s@ibm.com,Male,245.231.184.41
102,Tedman,Gillow,tgillow2t@barnesandnoble.com,Male,96.199.201.117
103,Elwira,Liquorish,eliquorish2u@cnet.com,Female,233.38.108.39
104,Kippy,Bolam,kbolam2v@cargocollective.com,Female,146.180.70.255
105,Hilliard,Straw,hstraw2w@list-manage.com,Male,122.238.107.85
106,Grata,Varah,gvarah2x@businessweek.com,Female,250.111.236.61
107,Herminia,Lissemore,hlissemore2y@cdbaby.com,Female,109.52.152.232
108,Angel,Byres,abyres2z@mac.com,Female,206.143.187.146
109,Jacquie,Staddon,jstaddon30@google.es,Female,40.64.234.203
110,Arleta,Lepope,alepope31@over-blog.com,Female,95.84.16.63
111,Samantha,Seagrave,sseagrave32@liveinternet.ru,Female,42.248.207.42
112,Calida,Gooddy,cgooddy33@unc.edu,Female,8.144.7.195
113,Bram,Kinver,bkinver34@examiner.com,Male,216.125.236.196
114,Christoffer,Bartocci,cbartocci35@pagesperso-orange.fr,Male,21.169.87.254
115,Ric,Stangroom,rstangroom36@furl.net,Male,28.206.138.248
116,Hilary,Croix,hcroix37@arstechnica.com,Male,190.53.87.35
117,Shaun,Kimbrey,skimbrey38@csmonitor.com,Female,137.37.153.186
118,Garner,Pottberry,gpottberry39@uiuc.edu,Male,185.132.135.106
119,Eulalie,Braine,ebraine3a@sbwire.com,Female,158.234.152.238
120,Tatiana,Allcock,tallcock3b@amazon.com,Female,57.156.189.19
121,Sarajane,Hiers,shiers3c@nsw.gov.au,Female,64.143.149.192
122,Nanci,Bushaway,nbushaway3d@nature.com,Polygender,180.32.135.247
123,Dara,Skingle,dskingle3e@oakley.com,Female,48.159.99.38
124,Aprilette,Brawson,abrawson3f@wikipedia.org,Female,36.169.161.110
125,Livy,Chalder,lchalder3g@t.co,Female,180.207.243.204
126,Amy,Bartoleyn,abartoleyn3h@ameblo.jp,Female,103.167.193.28
127,Ruth,Redhole,rredhole3i@google.de,Bigender,207.16.200.108
128,Fredia,Leggen,fleggen3j@earthlink.net,Female,231.181.102.144
129,Carlene,Tidgewell,ctidgewell3k@reuters.com,Female,63.216.82.60
130,Anett,Holbarrow,aholbarrow3l@upenn.edu,Female,138.136.92.42
131,Effie,Mangenot,emangenot3m@fda.gov,Female,28.198.87.234
132,Dick,Grainge,dgrainge3n@hud.gov,Male,95.34.211.26
133,Hillie,Astman,hastman3o@vimeo.com,Male,9.162.158.166
134,Alayne,Piner,apiner3p@wikipedia.org,Female,198.28.213.114
135,Karlee,Scallan,kscallan3q@hud.gov,Polygender,18.255.69.18
136,Adriane,Dilnot,adilnot3r@chicagotribune.com,Female,124.179.101.166
137,Alard,Doohey,adoohey3s@themeforest.net,Male,217.211.18.211
138,Claire,Vardon,cvardon3t@dion.ne.jp,Male,91.51.163.75
139,Alejandrina,Ranken,aranken3u@feedburner.com,Female,65.109.95.221
140,Farley,Stenhouse,fstenhouse3v@imdb.com,Male,240.147.170.217
141,Pippa,De Hooge,pdehooge3w@jigsy.com,Female,117.181.150.139
142,Ross,Grivori,rgrivori3x@arizona.edu,Male,136.243.71.85
143,Sauncho,Clarke,sclarke3y@cmu.edu,Male,52.176.122.41
144,Renata,Lamberti,rlamberti3z@tuttocitta.it,Female,103.44.246.235
145,Rodge,Rubinovitsch,rrubinovitsch40@facebook.com,Male,8.224.218.171
146,Marlyn,Jandourek,mjandourek41@e-recht24.de,Female,75.122.154.93
147,Imelda,Van den Velden,ivandenvelden42@pen.io,Non-binary,48.94.145.12
148,Karie,Sanzio,ksanzio43@ucoz.ru,Female,239.182.134.172
149,Lisa,Timpany,ltimpany44@deliciousdays.com,Female,41.90.30.241
150,Jodi,Sutherden,jsutherden45@uol.com.br,Agender,39.10.168.236
151,Bertine,Lyte,blyte46@deviantart.com,Female,90.240.202.227
152,Kylie,Ellit,kellit47@de.vu,Male,124.228.198.3
153,Nanine,Murtimer,nmurtimer48@discuz.net,Female,179.13.28.42
154,Nedda,Bonellie,nbonellie49@economist.com,Female,198.7.110.111
155,Hanna,Vassano,hvassano4a@amazon.com,Agender,241.130.149.64
156,Angelo,Hartford,ahartford4b@cpanel.net,Male,243.180.176.54
157,Yule,Young,yyoung4c@hp.com,Genderqueer,123.0.175.204
158,Sapphire,Winfred,swinfred4d@fotki.com,Female,19.109.26.32
159,Maren,Ullock,mullock4e@ask.com,Female,212.167.189.211
160,Ninnetta,MacIntyre,nmacintyre4f@independent.co.uk,Female,157.34.124.64
161,Kelli,Kowal,kkowal4g@homestead.com,Female,217.203.45.73
162,Oberon,Dumphy,odumphy4h@bbb.org,Male,7.19.69.28
163,Krishnah,Schrir,kschrir4i@jiathis.com,Male,198.231.21.117
164,Todd,Mannie,tmannie4j@delicious.com,Male,177.71.255.122
165,Clotilda,Adlard,cadlard4k@parallels.com,Female,8.87.145.147
166,Lily,Prue,lprue4l@tinyurl.com,Female,156.229.217.97
167,Geri,Cornelis,gcornelis4m@npr.org,Non-binary,16.183.199.129
168,Rolph,Leger,rleger4n@rakuten.co.jp,Male,254.37.38.72
169,Crissie,Verdy,cverdy4o@si.edu,Female,38.120.222.106
170,Patrick,Buye,pbuye4p@moonfruit.com,Male,49.41.119.22
171,Jacenta,Showen,jshowen4q@reuters.com,Female,146.220.118.151
172,Zachariah,Cauley,zcauley4r@odnoklassniki.ru,Male,225.125.180.181
173,Kathe,O'Scannill,koscannill4s@comsenz.com,Female,35.77.170.167
174,Willy,Wickens,wwickens4t@usnews.com,Female,110.150.25.171
175,Wren,Boissieux,wboissieux4u@scribd.com,Female,18.63.52.153
176,Edward,Sterte,esterte4v@blogs.com,Male,177.162.154.130
177,Barde,Valder,bvalder4w@aboutads.info,Male,207.239.11.18
178,Catarina,Nagle,cnagle4x@freewebs.com,Polygender,45.81.234.15
179,Burtie,Juan,bjuan4y@unicef.org,Male,122.22.97.44
180,Fan,Baynard,fbaynard4z@home.pl,Polygender,212.169.21.243
181,Niki,Curgenuer,ncurgenuer50@about.me,Male,140.34.209.143
182,Sebastian,Lamprecht,slamprecht51@altervista.org,Male,186.164.20.4
183,Cathy,Brissenden,cbrissenden52@gravatar.com,Female,130.171.94.94
184,Brett,Kondratenya,bkondratenya53@taobao.com,Male,113.103.94.203
185,Jasper,Divall,jdivall54@wunderground.com,Male,2.120.151.92
186,Hattie,Trosdall,htrosdall55@aboutads.info,Female,129.28.165.19
187,Lin,McConville,lmcconville56@bizjournals.com,Non-binary,37.219.218.31
188,Terence,Greenhalgh,tgreenhalgh57@g.co,Male,196.153.178.154
189,Rufe,Shwenn,rshwenn58@flavors.me,Genderfluid,168.169.120.69
190,Barbey,Plank,bplank59@facebook.com,Female,147.237.172.168
191,Chiquita,Scourfield,cscourfield5a@digg.com,Non-binary,239.159.233.92
192,Gradeigh,Aslett,gaslett5b@diigo.com,Male,237.196.21.51
193,Tobias,Marcombe,tmarcombe5c@state.tx.us,Male,37.212.240.226
194,Linda,Stutter,lstutter5d@usgs.gov,Female,68.102.191.239
195,Jillayne,Bentame,jbentame5e@trellian.com,Female,241.127.208.239
196,Brear,Wickstead,bwickstead5f@newsvine.com,Female,246.146.58.226
197,Ranee,Lamyman,rlamyman5g@addtoany.com,Female,106.3.34.12
198,Jayme,Spickett,jspickett5h@people.com.cn,Male,195.55.208.240
199,Lazarus,Ferrar,lferrar5i@wired.com,Male,242.145.80.58
200,Elfie,Royan,eroyan5j@google.cn,Female,72.113.238.87
201,Lanita,Farryn,lfarryn5k@nature.com,Female,181.17.126.76
202,Tadeas,Peaker,tpeaker5l@vk.com,Male,212.136.132.76
203,Morly,Swallwell,mswallwell5m@bbc.co.uk,Male,90.106.28.165
204,Ranna,Buret,rburet5n@trellian.com,Female,140.3.75.52
205,Roderich,Linguard,rlinguard5o@sbwire.com,Male,214.196.134.129
206,Ivonne,Owthwaite,iowthwaite5p@163.com,Female,98.114.197.72
207,Rayna,Prothero,rprothero5q@mayoclinic.com,Female,154.171.219.163
208,Lindy,Brislan,lbrislan5r@harvard.edu,Genderfluid,29.19.67.1
209,Xavier,Cocke,xcocke5s@ft.com,Male,135.187.90.76
210,Cornela,Heater,cheater5t@vinaora.com,Female,49.241.204.7
211,Dorey,Chaim,dchaim5u@booking.com,Male,181.25.56.29
212,Kacey,Ashborn,kashborn5v@i2i.jp,Female,250.174.140.103
213,Friederike,Preto,fpreto5w@icq.com,Female,117.252.179.81
214,Luella,Mussolini,lmussolini5x@gizmodo.com,Female,75.237.249.160
215,Rock,Goodlife,rgoodlife5y@ted.com,Male,161.98.73.99
216,Gaultiero,Winterburn,gwinterburn5z@columbia.edu,Male,9.76.127.121
217,Florina,Strafford,fstrafford60@dion.ne.jp,Female,15.34.7.191
218,Oliviero,Seine,oseine61@comcast.net,Male,112.40.35.116
219,Birgit,Pancast,bpancast62@amazon.co.uk,Female,15.227.193.73
220,Raimondo,Fligg,rfligg63@engadget.com,Male,108.29.194.91
221,Faun,Pounder,fpounder64@posterous.com,Female,170.93.111.207
222,Linus,Fencott,lfencott65@xinhuanet.com,Genderfluid,218.165.163.239
223,Gusella,Mighele,gmighele66@ning.com,Female,125.249.98.237
224,Myron,Leafe,mleafe67@flickr.com,Male,10.76.139.204
225,Elwira,De Miranda,edemiranda68@ucla.edu,Genderfluid,154.254.236.7
226,Meir,Darragh,mdarragh69@dyndns.org,Agender,200.36.185.34
227,Yul,Gussie,ygussie6a@redcross.org,Male,73.203.5.126
228,Kori,Djakovic,kdjakovic6b@vimeo.com,Agender,252.189.67.31
229,Rafaelia,Greig,rgreig6c@go.com,Female,228.182.160.180
230,Wernher,Birnie,wbirnie6d@home.pl,Male,60.2.116.183
231,Merna,Imlen,mimlen6e@netvibes.com,Female,32.95.164.27
232,Hilda,Baline,hbaline6f@tripod.com,Female,53.19.55.171
233,Julee,Walles,jwalles6g@nyu.edu,Female,244.215.8.5
234,Arabela,Andino,aandino6h@ocn.ne.jp,Female,31.50.250.209
235,Nikki,Leaman,nleaman6i@booking.com,Male,47.109.141.41
236,Kathye,Morey,kmorey6j@slideshare.net,Female,254.119.57.60
237,Carson,Shilito,cshilito6k@hibu.com,Male,226.193.165.62
238,Madelon,Casa,mcasa6l@odnoklassniki.ru,Female,162.207.107.207
239,Talya,Pietrzyk,tpietrzyk6m@mysql.com,Female,232.252.122.121
240,Jerald,Housen,jhousen6n@imdb.com,Male,224.92.153.184
241,Horatio,Priddis,hpriddis6o@opensource.org,Male,249.251.81.54
242,Fidela,Dunmore,fdunmore6p@youku.com,Female,150.223.248.152
243,Jephthah,Monelle,jmonelle6q@prnewswire.com,Male,43.122.90.85
244,Allina,Leguey,aleguey6r@acquirethisname.com,Female,135.83.37.159
245,Linda,Leadstone,lleadstone6s@1und1.de,Genderqueer,199.47.208.246
246,See,Kinnerley,skinnerley6t@1688.com,Male,39.32.62.129
247,Arron,Hubbocks,ahubbocks6u@aboutads.info,Male,107.93.182.110
248,Winny,Kennifeck,wkennifeck6v@hubpages.com,Male,152.87.105.92
249,Linette,Duchenne,lduchenne6w@e-recht24.de,Female,111.50.98.24
250,Lucien,Stollwerck,lstollwerck6x@wisc.edu,Male,84.203.201.134
251,Brittney,Atteridge,batteridge6y@istockphoto.com,Female,127.157.44.229
252,Humphrey,Callar,hcallar6z@trellian.com,Male,183.117.98.196
253,Wyndham,Emanuele,wemanuele70@blogger.com,Male,189.63.128.163
254,Jacquette,O'Gready,jogready71@ning.com,Female,147.252.54.237
255,Tiff,Dumberrill,tdumberrill72@drupal.org,Female,139.219.248.144
256,Codie,Forst,cforst73@1688.com,Male,156.126.20.113
257,Donnie,Guillerman,dguillerman74@tinypic.com,Male,82.242.123.72
258,Melva,Willatt,mwillatt75@vkontakte.ru,Female,148.3.26.40
259,Abra,Brendeke,abrendeke76@hp.com,Female,230.79.214.68
260,Daloris,Fursland,dfursland77@naver.com,Female,15.177.147.144
261,Karen,Chasteney,kchasteney78@lycos.com,Female,125.50.84.85
262,Donnie,Shakespeare,dshakespeare79@imgur.com,Female,207.109.161.178
263,Colette,Lambard,clambard7a@amazon.co.jp,Polygender,101.241.188.89
264,Cassi,Overell,coverell7b@deviantart.com,Female,48.76.80.7
265,Britte,Gorden,bgorden7c@hao123.com,Female,87.48.172.192
266,Betteann,Hechlin,bhechlin7d@ustream.tv,Female,46.103.22.133
267,Shelby,Ferreras,sferreras7e@diigo.com,Male,159.237.58.240
268,Diandra,Dunbabin,ddunbabin7f@ibm.com,Female,50.239.254.1
269,Modesty,Yanne,myanne7g@eventbrite.com,Female,252.161.215.175
270,Vivianna,Refford,vrefford7h@de.vu,Female,143.171.91.247
271,Chic,Leete,cleete7i@senate.gov,Male,13.12.213.209
272,Lily,Hallahan,lhallahan7j@amazon.com,Female,134.170.141.189
273,Irwinn,Bricklebank,ibricklebank7k@uiuc.edu,Male,44.31.76.122
274,Emera,Barttrum,ebarttrum7l@army.mil,Female,158.185.198.255
275,Maximilianus,Goering,mgoering7m@msn.com,Male,17.197.94.32
276,Twyla,Brobyn,tbrobyn7n@noaa.gov,Female,75.172.159.163
277,Enrika,McCollum,emccollum7o@hao123.com,Female,175.132.48.53
278,Roberto,Leaming,rleaming7p@pinterest.com,Male,10.87.50.72
279,Mauricio,Dixcee,mdixcee7q@digg.com,Male,255.26.154.81
280,Addia,Bicheno,abicheno7r@jimdo.com,Female,143.25.154.225
281,Kamila,Few,kfew7s@mayoclinic.com,Female,86.234.196.130
282,Aldis,Alesbrook,aalesbrook7t@cpanel.net,Male,244.228.39.150
283,Mommy,Burgett,mburgett7u@sun.com,Bigender,83.251.221.152
284,Robbie,Reddy,rreddy7v@wordpress.org,Genderqueer,179.14.143.55
285,Biron,Rossander,brossander7w@microsoft.com,Male,7.64.202.134
286,Frederich,Buffin,fbuffin7x@rambler.ru,Male,72.168.182.91
287,Sutton,Gault,sgault7y@sciencedaily.com,Male,197.16.112.81
288,Hyman,Loughhead,hloughhead7z@engadget.com,Male,155.46.197.44
289,Rici,Lief,rlief80@cornell.edu,Non-binary,99.116.29.238
290,Rodrigo,Bryning,rbryning81@i2i.jp,Male,17.89.80.81
291,Rafaello,Verbeek,rverbeek82@bing.com,Male,51.47.250.149
292,Lucille,Synnott,lsynnott83@disqus.com,Female,83.217.47.211
293,Rene,Saterthwait,rsaterthwait84@cam.ac.uk,Female,213.169.187.244
294,Mitchel,Surgey,msurgey85@upenn.edu,Male,198.110.93.94
295,Shandie,Fielders,sfielders86@tiny.cc,Female,92.119.133.53
296,Nerty,Luisetti,nluisetti87@goo.ne.jp,Female,209.107.227.70
297,Windham,Willoughway,wwilloughway88@people.com.cn,Male,221.158.189.24
298,Lek,Doumerc,ldoumerc89@twitter.com,Male,229.64.198.33
299,Gabi,Sickling,gsickling8a@g.co,Bigender,191.98.204.215
300,Rafaela,Polycote,rpolycote8b@jiathis.com,Female,152.111.68.218
301,Monroe,Bysh,mbysh8c@networkadvertising.org,Male,114.71.49.122
302,Fletch,Daykin,fdaykin8d@example.com,Male,248.158.50.229
303,Rosco,Loveitt,rloveitt8e@dell.com,Male,70.249.71.58
304,Susannah,Nouch,snouch8f@privacy.gov.au,Female,197.177.66.118
305,Maurise,Eastope,meastope8g@state.tx.us,Male,197.25.4.144
306,Tory,Dudenie,tdudenie8h@blogspot.com,Female,204.113.98.128
307,Poul,Power,ppower8i@cornell.edu,Male,191.80.92.37
308,Lorain,Rowson,lrowson8j@whitehouse.gov,Female,149.40.147.146
309,Blakelee,Renish,brenish8k@prlog.org,Female,107.78.95.233
310,Shell,Reilingen,sreilingen8l@imdb.com,Male,37.155.37.232
311,Hubie,Aguirre,haguirre8m@xing.com,Male,243.92.153.185
312,Alica,Hamson,ahamson8n@ibm.com,Female,239.69.207.76
313,Cynthy,Ayshford,cayshford8o@clickbank.net,Female,152.3.58.124
314,Galen,Janowicz,gjanowicz8p@sogou.com,Male,159.184.199.164
315,Omar,Munroe,omunroe8q@patch.com,Male,122.170.90.7
316,Elsi,Willacot,ewillacot8r@walmart.com,Agender,14.19.151.217
317,Katy,Chasier,kchasier8s@dropbox.com,Female,207.229.120.251
318,Averell,Dobbin,adobbin8t@arstechnica.com,Male,151.152.83.54
319,Des,Freeberne,dfreeberne8u@unicef.org,Male,50.47.95.223
320,Verine,Penney,vpenney8v@dmoz.org,Female,176.89.63.138
321,Fancy,Sirr,fsirr8w@1und1.de,Female,6.181.202.52
322,Moina,Rolfini,mrolfini8x@360.cn,Female,112.244.20.6
323,Flossi,Simms,fsimms8y@wisc.edu,Polygender,107.234.248.99
324,Em,Tantum,etantum8z@ucla.edu,Male,190.50.154.54
325,Sheilakathryn,Gauge,sgauge90@businesswire.com,Female,101.245.125.218
326,Anne-corinne,McNally,amcnally91@aol.com,Female,25.65.39.145
327,Herta,Blemings,hblemings92@elegantthemes.com,Female,104.208.47.39
328,Jaymie,Kinghorne,jkinghorne93@friendfeed.com,Male,175.184.227.212
329,Sheena,Watman,swatman94@wp.com,Female,93.222.88.74
330,Lew,Hordle,lhordle95@nydailynews.com,Male,87.52.139.51
331,Sutton,Dundredge,sdundredge96@discovery.com,Male,234.91.250.41
332,Sinclair,Pattenden,spattenden97@ed.gov,Polygender,203.161.159.140
333,Sly,Powys,spowys98@alexa.com,Genderfluid,208.128.193.15
334,Stephan,Haward,shaward99@admin.ch,Male,140.139.96.202
335,Viva,Kildahl,vkildahl9a@cisco.com,Female,3.115.1.103
336,Gennifer,Preddy,gpreddy9b@youku.com,Genderqueer,0.108.169.84
337,Earvin,Toma,etoma9c@wp.com,Male,37.199.219.178
338,Sibella,Scamadine,sscamadine9d@bigcartel.com,Female,94.237.147.1
339,Nelli,Bayfield,nbayfield9e@oracle.com,Female,0.224.197.221
340,Leanora,Adamovsky,ladamovsky9f@arstechnica.com,Female,21.145.234.63
341,Beale,Vargas,bvargas9g@blogs.com,Male,137.213.178.245
342,Deidre,Brisson,dbrisson9h@sciencedirect.com,Female,48.204.191.69
343,Rufus,Standall,rstandall9i@craigslist.org,Male,255.139.158.28
344,Edmon,Scrowston,escrowston9j@e-recht24.de,Male,150.76.197.47
345,Laurena,Coard,lcoard9k@merriam-webster.com,Female,145.108.135.140
346,Bernadine,Castagnasso,bcastagnasso9l@devhub.com,Female,52.235.102.79
347,Harley,Stud,hstud9m@ehow.com,Male,14.104.158.116
348,Jocelyne,Frankling,jfrankling9n@census.gov,Female,151.237.223.159
349,Saudra,Ilyas,silyas9o@discovery.com,Female,134.213.52.189
350,Sapphira,Robez,srobez9p@addtoany.com,Female,116.201.158.255
351,Harlin,Graham,hgraham9q@sitemeter.com,Male,177.44.145.21
352,Alexis,O'Calleran,aocalleran9r@seattletimes.com,Male,249.24.247.121
353,Bobinette,De Rye Barrett,bderyebarrett9s@jimdo.com,Female,145.8.136.239
354,Hewett,Emmerson,hemmerson9t@oakley.com,Male,113.57.184.126
355,Dru,Rous,drous9u@slashdot.org,Male,248.224.84.16
356,Sydney,Tuffey,stuffey9v@etsy.com,Genderfluid,72.17.90.214
357,Jemimah,Sancho,jsancho9w@imdb.com,Female,194.1.93.121
358,Peadar,Hurkett,phurkett9x@sciencedaily.com,Male,194.239.108.0
359,Beatrisa,Aizic,baizic9y@sohu.com,Female,173.161.14.192
360,Chiquia,Crauford,ccrauford9z@nifty.com,Non-binary,26.78.228.127
361,Bax,Seabrooke,bseabrookea0@hexun.com,Male,154.208.76.74
362,Bellanca,Kuhnel,bkuhnela1@networkadvertising.org,Bigender,106.4.100.145
363,Lian,Ruddom,lruddoma2@sbwire.com,Female,28.95.204.65
364,Melicent,Fahy,mfahya3@sogou.com,Female,114.46.162.72
365,Matteo,Sharpin,msharpina4@ow.ly,Male,76.110.38.212
366,Leontyne,Trunchion,ltrunchiona5@fotki.com,Female,71.132.216.124
367,Forbes,Vauls,fvaulsa6@weebly.com,Male,204.32.107.90
368,Elisha,De Caroli,edecarolia7@chron.com,Male,232.40.151.216
369,Aldrich,Castella,acastellaa8@mapy.cz,Polygender,62.187.88.131
370,Ardenia,Valler,avallera9@weibo.com,Female,177.136.64.112
371,Carter,Lyste,clysteaa@goo.ne.jp,Male,55.30.200.28
372,Maddy,Kincaid,mkincaidab@barnesandnoble.com,Male,101.36.81.172
373,Maisey,Kightly,mkightlyac@wsj.com,Female,59.94.141.217
374,Iago,Kestle,ikestlead@blinklist.com,Male,219.175.181.34
375,Wye,Ccomini,wccominiae@alibaba.com,Male,61.222.77.86
376,Bayard,Wannell,bwannellaf@cnn.com,Male,136.240.6.61
377,Shoshanna,O'Curneen,socurneenag@mozilla.com,Female,0.190.157.231
378,Kellsie,Kleinhandler,kkleinhandlerah@nps.gov,Female,161.247.220.118
379,Way,Sweet,wsweetai@telegraph.co.uk,Male,228.114.188.139
380,Allayne,Izkovici,aizkoviciaj@flavors.me,Male,163.169.97.108
381,Claudius,Dulton,cdultonak@topsy.com,Male,219.74.195.127
382,Somerset,Thaxton,sthaxtonal@google.ru,Male,150.104.251.237
383,Heather,Bell,hbellam@drupal.org,Female,69.60.169.189
384,Misty,Worgan,mworganan@yellowbook.com,Female,246.151.118.214
385,Barri,Ladd,bladdao@tumblr.com,Male,90.216.143.165
386,Elwyn,MacFaell,emacfaellap@e-recht24.de,Male,43.63.159.248
387,Iggy,Brannon,ibrannonaq@example.com,Male,23.55.86.30
388,Benoit,Roddam,broddamar@bandcamp.com,Male,210.170.221.183
389,Mathilda,Leatherbarrow,mleatherbarrowas@51.la,Female,9.213.5.132
390,Brigham,Aberdalgy,baberdalgyat@ed.gov,Agender,171.202.202.11
391,Dick,Jeandon,djeandonau@hostgator.com,Male,156.173.130.56
392,Daren,Pither,dpitherav@paypal.com,Male,79.49.127.25
393,Corbett,Lees,cleesaw@mashable.com,Male,56.72.5.65
394,Wyatt,Pennings,wpenningsax@discuz.net,Male,146.47.86.217
395,Rudd,Ahmad,rahmaday@sakura.ne.jp,Male,46.214.199.140
396,Emeline,Estevez,eestevezaz@java.com,Female,160.202.113.54
397,Rupert,Dantesia,rdantesiab0@list-manage.com,Male,35.96.67.76
398,Rhetta,Nutt,rnuttb1@ning.com,Genderqueer,0.162.158.122
399,Janessa,Quantick,jquantickb2@msn.com,Female,4.197.146.150
400,Wald,Yokel,wyokelb3@yolasite.com,Male,123.198.115.159
401,Jonis,Dymond,jdymondb4@amazon.com,Non-binary,64.191.73.117
402,Gratiana,Attree,gattreeb5@toplist.cz,Polygender,220.26.30.123
403,Zea,Littley,zlittleyb6@si.edu,Female,15.234.189.246
404,Kevan,Minigo,kminigob7@wiley.com,Male,235.252.90.126
405,Ignatius,Anderson,iandersonb8@spotify.com,Polygender,176.65.192.166
406,Jermain,Adolf,jadolfb9@unc.edu,Male,151.20.77.81
407,Pippo,Fassbender,pfassbenderba@symantec.com,Male,2.65.23.116
408,Francene,McAlroy,fmcalroybb@weebly.com,Bigender,215.59.171.63
409,Celinka,McShirrie,cmcshirriebc@barnesandnoble.com,Female,77.118.23.229
410,Mariejeanne,Atcock,matcockbd@hp.com,Female,121.101.61.60
411,Scarlett,Fillis,sfillisbe@pen.io,Female,189.3.203.128
412,Drud,Dreher,ddreherbf@wikipedia.org,Male,28.70.73.80
413,Rice,Saunt,rsauntbg@ca.gov,Male,82.183.181.154
414,Dasie,Slaten,dslatenbh@census.gov,Female,72.131.24.37
415,Susie,Widdows,swiddowsbi@engadget.com,Female,59.110.171.9
416,Heda,McCorkindale,hmccorkindalebj@so-net.ne.jp,Polygender,219.177.79.154
417,Helena,Vinnick,hvinnickbk@cargocollective.com,Female,39.240.250.49
418,Hill,Grouvel,hgrouvelbl@blinklist.com,Male,133.158.200.86
419,Maxie,Renshaw,mrenshawbm@amazon.de,Male,91.194.157.137
420,Judye,Pollie,jpolliebn@dyndns.org,Female,2.163.57.43
421,Nadine,Crichten,ncrichtenbo@squidoo.com,Female,196.18.80.177
422,Marshal,Norrie,mnorriebp@theglobeandmail.com,Male,12.102.124.161
423,Kendre,Scarlan,kscarlanbq@narod.ru,Female,165.170.244.212
424,Husein,Dingley,hdingleybr@yahoo.co.jp,Male,115.49.52.210
425,Zilvia,Dutton,zduttonbs@shutterfly.com,Female,4.227.43.146
426,Gunilla,Evenden,gevendenbt@timesonline.co.uk,Female,185.129.211.45
427,Janenna,Ramm,jrammbu@dyndns.org,Female,137.10.228.131
428,Denney,Buesnel,dbuesnelbv@ocn.ne.jp,Male,155.216.46.218
429,Libbie,Riquet,lriquetbw@ox.ac.uk,Female,125.138.164.54
430,Mellisa,Leonida,mleonidabx@ustream.tv,Female,222.132.28.170
431,Dieter,Lundbeck,dlundbeckby@cbc.ca,Male,33.182.142.119
432,Halie,O'Heneghan,hoheneghanbz@princeton.edu,Female,163.116.171.10
433,Olin,Merrell,omerrellc0@spotify.com,Male,249.104.70.132
434,Jemimah,Gogan,jgoganc1@stanford.edu,Female,14.135.135.205
435,Danya,Rohmer,drohmerc2@jigsy.com,Male,42.199.108.98
436,Hugo,Pirelli,hpirellic3@fema.gov,Male,168.97.159.145
437,Reynolds,Keohane,rkeohanec4@google.nl,Male,161.133.109.242
438,Roderich,Croston,rcrostonc5@dion.ne.jp,Male,45.56.233.88
439,Norbert,Ivakhnov,nivakhnovc6@topsy.com,Non-binary,65.242.30.54
440,Aland,Gibbetts,agibbettsc7@slashdot.org,Male,56.94.47.44
441,Valentino,Itzakovitz,vitzakovitzc8@nsw.gov.au,Male,21.110.40.226
442,Nanine,Bloxsum,nbloxsumc9@cbsnews.com,Female,93.70.190.67
443,Jamey,Witchalls,jwitchallsca@linkedin.com,Male,197.246.164.56
444,Suki,Janczyk,sjanczykcb@multiply.com,Polygender,82.196.97.80
445,Muriel,Bernardo,mbernardocc@aboutads.info,Female,152.240.5.150
446,Gabrielle,Menichi,gmenichicd@mysql.com,Female,111.88.64.21
447,Nannette,Gallamore,ngallamorece@blogtalkradio.com,Female,130.198.48.184
448,Teresina,Luna,tlunacf@sakura.ne.jp,Female,138.201.191.8
449,Cory,Nutbeam,cnutbeamcg@reverbnation.com,Male,179.181.167.54
450,Ezra,Antuk,eantukch@auda.org.au,Male,53.40.120.119
451,Noami,Dawidowitsch,ndawidowitschci@mapy.cz,Genderqueer,65.196.32.128
452,Bone,McCorkell,bmccorkellcj@technorati.com,Male,85.218.43.96
453,Esdras,Elletson,eelletsonck@jalbum.net,Male,145.14.254.162
454,Bernard,Beeken,bbeekencl@simplemachines.org,Male,70.163.128.66
455,Humbert,Blandford,hblandfordcm@simplemachines.org,Male,27.179.172.6
456,Mildrid,Ellaman,mellamancn@cdc.gov,Female,195.180.18.230
457,Shelbi,Retallick,sretallickco@fema.gov,Female,214.154.253.170
458,Gayelord,Eayrs,geayrscp@ocn.ne.jp,Male,154.146.125.219
459,Saxe,Rising,srisingcq@over-blog.com,Male,196.122.237.106
460,Virgil,Kedge,vkedgecr@mtv.com,Male,232.215.171.150
461,Marabel,Simonin,msimonincs@booking.com,Female,126.192.155.7
462,Iolanthe,Napoleone,inapoleonect@chronoengine.com,Female,124.121.186.228
463,Skell,Henden,shendencu@etsy.com,Male,121.167.243.89
464,Adey,Sivill,asivillcv@surveymonkey.com,Polygender,181.42.192.98
465,Anabal,Bellino,abellinocw@com.com,Female,110.22.11.159
466,Rozina,Fox,rfoxcx@example.com,Female,173.234.97.231
467,Joly,Henriet,jhenrietcy@unicef.org,Female,86.0.43.141
468,Yule,Bohler,ybohlercz@prnewswire.com,Male,151.15.222.155
469,Prent,Petchey,ppetcheyd0@youku.com,Male,125.205.161.71
470,Crichton,Hedling,chedlingd1@disqus.com,Male,138.69.83.239
471,Raven,Lambertz,rlambertzd2@de.vu,Female,133.146.184.178
472,Sibylle,Ladell,sladelld3@virginia.edu,Female,106.131.68.211
473,Roarke,Nixon,rnixond4@theglobeandmail.com,Male,183.224.77.190
474,Paige,Harvey,pharveyd5@trellian.com,Male,156.218.218.83
475,Olivie,Melling,omellingd6@salon.com,Female,65.217.57.145
476,Radcliffe,Greason,rgreasond7@storify.com,Male,127.248.103.131
477,Leeland,McDermot,lmcdermotd8@ucla.edu,Male,35.133.242.0
478,Haven,Belitz,hbelitzd9@answers.com,Male,134.165.99.36
479,Estele,Denzey,edenzeyda@tinyurl.com,Female,173.194.151.134
480,Amargo,Throughton,athroughtondb@nytimes.com,Female,215.188.95.138
481,Padriac,Blunden,pblundendc@sfgate.com,Male,113.133.221.138
482,Christoforo,Sampey,csampeydd@bing.com,Male,79.30.130.109
483,Alison,Penwright,apenwrightde@sourceforge.net,Female,180.28.143.84
484,Alick,Plom,aplomdf@globo.com,Male,159.202.1.84
485,Anton,Santos,asantosdg@macromedia.com,Male,200.82.131.181
486,Lacy,Hummerston,lhummerstondh@opensource.org,Female,85.208.212.33
487,Marlene,Shakespear,mshakespeardi@xing.com,Female,109.160.156.94
488,Nicky,True,ntruedj@comcast.net,Female,50.56.12.142
489,Lonni,Puttick,lputtickdk@exblog.jp,Female,121.42.37.79
490,Lester,Fellgatt,lfellgattdl@hhs.gov,Male,144.176.221.38
491,Niki,Hakes,nhakesdm@typepad.com,Female,167.101.187.166
492,Base,Ricker,brickerdn@imgur.com,Male,59.124.150.46
493,Forester,Lipsett,flipsettdo@hubpages.com,Male,193.76.195.67
494,Jandy,Durgan,jdurgandp@histats.com,Female,255.124.205.213
495,Read,Hold,rholddq@home.pl,Male,206.196.36.196
496,Alphard,Crimpe,acrimpedr@cnet.com,Male,190.25.127.54
497,Pincus,Manifold,pmanifoldds@cornell.edu,Male,177.41.122.239
498,Atalanta,Baumler,abaumlerdt@barnesandnoble.com,Non-binary,175.223.89.169
499,Ancell,Pocknoll,apocknolldu@wired.com,Male,3.153.67.153
500,Katha,Walby,kwalbydv@ftc.gov,Female,100.1.89.166
501,Leonelle,Hallum,lhallumdw@live.com,Female,44.4.229.120
502,Vaclav,Lakeland,vlakelanddx@archive.org,Male,170.227.76.30
503,Jaymee,Ambrosini,jambrosinidy@opensource.org,Female,29.209.26.92
504,Joelly,Cordall,jcordalldz@liveinternet.ru,Female,55.121.35.44
505,Yevette,Sumption,ysumptione0@hud.gov,Female,149.232.47.179
506,Christos,MacQueen,cmacqueene1@weather.com,Male,106.223.172.64
507,Zach,Soots,zsootse2@vkontakte.ru,Male,164.79.71.143
508,Shelby,Fairney,sfairneye3@pbs.org,Male,113.91.97.136
509,Bronny,Surgeon,bsurgeone4@rambler.ru,Male,153.117.205.115
510,Nanon,Fison,nfisone5@webs.com,Female,15.189.25.247
511,Consalve,Spencelayh,cspencelayhe6@msn.com,Male,2.214.242.16
512,Ariela,Egar,aegare7@bloglovin.com,Female,167.73.71.87
513,Elena,Brittlebank,ebrittlebanke8@google.pl,Female,241.217.116.114
514,Abby,Murrhaupt,amurrhaupte9@live.com,Female,93.186.147.232
515,Mayne,Cowndley,mcowndleyea@odnoklassniki.ru,Male,144.66.211.38
516,Quintina,Byforth,qbyfortheb@elegantthemes.com,Female,52.103.170.67
517,Basia,Lush,blushec@sakura.ne.jp,Genderqueer,50.191.242.16
518,Lotti,Archibald,larchibalded@samsung.com,Female,188.28.205.224
519,Kyla,Sudddard,ksudddardee@marriott.com,Female,159.142.8.16
520,Shauna,Yeell,syeellef@google.ca,Female,195.16.157.139
521,Waverly,Strangman,wstrangmaneg@mlb.com,Male,1.171.152.8
522,Anita,Piddle,apiddleeh@google.com.au,Female,149.203.197.221
523,Fair,Chastand,fchastandei@pinterest.com,Male,114.254.219.24
524,Casar,Luto,clutoej@nydailynews.com,Male,69.14.196.86
525,Merissa,Cody,mcodyek@nature.com,Female,201.6.25.52
526,Johan,Storrar,jstorrarel@cbsnews.com,Male,173.154.208.200
527,Sherry,Tennant,stennantem@eepurl.com,Female,251.114.17.190
528,Glyn,Craigmyle,gcraigmyleen@irs.gov,Non-binary,48.209.206.48
529,Nanice,Goodbarne,ngoodbarneeo@trellian.com,Female,78.73.62.4
530,Sydel,Hardingham,shardinghamep@yahoo.com,Genderqueer,35.80.148.216
531,Bridgette,Artharg,barthargeq@twitter.com,Bigender,99.18.254.210
532,Lucais,Klimt,lklimter@hao123.com,Male,216.133.120.220
533,Alonzo,Reynold,areynoldes@cpanel.net,Male,33.237.78.7
534,Linnell,Vogel,lvogelet@mit.edu,Female,180.155.189.28
535,Ursola,Gair,ugaireu@so-net.ne.jp,Female,116.133.3.171
536,Roseann,Winchester,rwinchesterev@tinypic.com,Female,248.10.17.45
537,Raffaello,Seagrave,rseagraveew@wordpress.org,Male,123.93.192.182
538,Roanna,Matterface,rmatterfaceex@4shared.com,Female,139.138.112.26
539,Laney,Parham,lparhamey@ovh.net,Female,134.60.69.85
540,Veronica,Muccino,vmuccinoez@google.com.hk,Female,42.157.87.86
541,Burgess,Singyard,bsingyardf0@dailymotion.com,Male,180.105.171.172
542,Saundra,Charkham,scharkhamf1@diigo.com,Male,5.97.139.238
543,Pammie,Pull,ppullf2@rambler.ru,Female,41.32.196.212
544,Wilfred,Ochiltree,wochiltreef3@buzzfeed.com,Male,235.230.223.249
545,Gherardo,Burborough,gburboroughf4@mail.ru,Male,97.156.235.10
546,Tailor,Baumford,tbaumfordf5@t-online.de,Male,188.178.229.228
547,Poppy,Alliban,pallibanf6@psu.edu,Female,24.164.129.25
548,Killie,Ewan,kewanf7@clickbank.net,Male,21.16.220.181
549,Craggy,Rameaux,crameauxf8@omniture.com,Male,212.160.218.112
550,Jeremias,Vineall,jvineallf9@thetimes.co.uk,Male,23.192.80.243
551,Talya,Sabban,tsabbanfa@hao123.com,Female,17.244.132.0
552,Selby,Boch,sbochfb@printfriendly.com,Male,254.130.96.221
553,Kathlin,Shafier,kshafierfc@squidoo.com,Female,211.171.172.51
554,Rolfe,Monkleigh,rmonkleighfd@tamu.edu,Male,215.160.71.122
555,Fonzie,Casaroli,fcasarolife@twitpic.com,Male,1.43.178.181
556,Alison,Maddock,amaddockff@patch.com,Genderqueer,115.67.110.253
557,Davidde,Antcliffe,dantcliffefg@smugmug.com,Male,137.142.243.226
558,Kirstin,Kynoch,kkynochfh@oracle.com,Female,36.119.187.174
559,Dominga,Exeter,dexeterfi@wikia.com,Non-binary,29.195.146.36
560,Cesar,Nevins,cnevinsfj@xrea.com,Male,192.43.236.42
561,Ode,Tabrett,otabrettfk@amazonaws.com,Male,250.242.198.213
562,Sorcha,Cristoforetti,scristoforettifl@twitpic.com,Female,236.85.228.10
563,Kalvin,Burry,kburryfm@mayoclinic.com,Male,12.188.149.146
564,Fern,Aish,faishfn@sfgate.com,Female,11.65.19.4
565,Neron,Nicholes,nnicholesfo@netvibes.com,Male,164.192.106.186
566,Tammy,Reeme,treemefp@elpais.com,Male,118.211.88.13
567,Wilona,Kirkup,wkirkupfq@livejournal.com,Female,102.155.65.223
568,Roderick,Schukraft,rschukraftfr@networksolutions.com,Male,139.112.204.232
569,Floyd,Greatrex,fgreatrexfs@lulu.com,Male,16.164.54.74
570,Viva,Van Niekerk,vvanniekerkft@reference.com,Female,192.195.254.187
571,Parker,Guye,pguyefu@histats.com,Male,59.55.85.202
572,Darryl,Parrin,dparrinfv@gov.uk,Male,112.0.221.14
573,Svend,Hubbard,shubbardfw@soundcloud.com,Male,233.142.63.117
574,Tremaine,Kuschek,tkuschekfx@xinhuanet.com,Male,62.24.102.51
575,Katha,Stowte,kstowtefy@histats.com,Female,24.51.222.131
576,Alphard,Reese,areesefz@vkontakte.ru,Male,57.220.5.148
577,Ema,Wisson,ewissong0@amazon.co.jp,Female,8.69.109.78
578,Lombard,Abbott,labbottg1@baidu.com,Male,236.250.135.237
579,Lavinie,Turbefield,lturbefieldg2@phpbb.com,Female,137.211.220.142
580,Urbanus,Tumpane,utumpaneg3@bandcamp.com,Male,102.196.197.92
581,Carling,Larmor,clarmorg4@netvibes.com,Male,8.3.112.173
582,Cullen,House,chouseg5@nationalgeographic.com,Male,42.7.208.208
583,Prudi,Desaur,pdesaurg6@feedburner.com,Female,199.122.249.133
584,Hope,Advani,hadvanig7@weebly.com,Female,41.231.216.121
585,Beryle,Rylands,brylandsg8@discovery.com,Female,63.123.150.148
586,Kristien,Riddall,kriddallg9@163.com,Female,216.176.95.31
587,Shela,Dowdney,sdowdneyga@dropbox.com,Female,118.211.81.171
588,Boothe,Dyott,bdyottgb@booking.com,Male,119.157.122.238
589,Birgitta,Houseman,bhousemangc@symantec.com,Female,50.44.101.29
590,Berne,Derington,bderingtongd@ovh.net,Male,66.170.179.167
591,Mei,Berk,mberkge@fastcompany.com,Female,21.161.212.200
592,Bertie,Artharg,bartharggf@ox.ac.uk,Female,186.85.35.103
593,Loy,Schroeder,lschroedergg@cbslocal.com,Male,93.207.169.189
594,Dorry,Bartalini,dbartalinigh@deliciousdays.com,Female,220.45.144.211
595,Bryan,Dictus,bdictusgi@furl.net,Male,101.181.119.167
596,Obie,Vautin,ovautingj@vkontakte.ru,Male,79.186.175.153
597,Magdaia,Echelle,mechellegk@xinhuanet.com,Female,70.64.99.131
598,Drusie,Ebunoluwa,debunoluwagl@taobao.com,Female,92.243.76.235
599,Simona,McAreavey,smcareaveygm@msu.edu,Female,174.173.50.206
600,Celestyn,Ingreda,cingredagn@usda.gov,Female,33.126.195.246
601,Menard,Aynold,maynoldgo@nih.gov,Male,162.204.153.146
602,Sigfrid,MacGoun,smacgoungp@booking.com,Male,152.130.166.14
603,Mario,Matzen,mmatzengq@ihg.com,Male,183.151.155.221
604,Godfrey,Von Welldun,gvonwelldungr@creativecommons.org,Male,50.103.19.11
605,Lemmie,McConachie,lmcconachiegs@cbc.ca,Male,63.210.159.144
606,Twyla,Anfonsi,tanfonsigt@e-recht24.de,Female,192.110.73.59
607,Uriel,Godfray,ugodfraygu@yahoo.co.jp,Male,38.91.233.95
608,Kristyn,Longfellow,klongfellowgv@feedburner.com,Female,134.172.180.19
609,Wildon,Trodler,wtrodlergw@wix.com,Male,9.206.63.59
610,Albertina,Impleton,aimpletongx@about.com,Female,142.147.130.29
611,Margery,Truesdale,mtruesdalegy@dailymotion.com,Female,183.194.39.241
612,Carolin,Mandry,cmandrygz@alibaba.com,Female,101.100.254.54
613,Blythe,Zukierman,bzukiermanh0@gmpg.org,Female,34.110.74.61
614,Derward,Bosward,dboswardh1@google.co.jp,Male,225.92.216.46
615,Ancell,Thurnham,athurnhamh2@de.vu,Male,143.243.63.36
616,Thebault,Imison,timisonh3@bizjournals.com,Male,196.89.82.84
617,Lucas,Heigl,lheiglh4@toplist.cz,Male,6.112.188.40
618,Theodoric,Harwin,tharwinh5@reverbnation.com,Male,41.56.164.0
619,Ingrim,Cesconi,icesconih6@comcast.net,Male,173.114.163.222
620,Beatriz,Gierth,bgierthh7@51.la,Female,235.149.80.143
621,Maegan,Weatherhogg,mweatherhoggh8@typepad.com,Female,14.93.73.248
622,Jephthah,Frosdick,jfrosdickh9@eventbrite.com,Male,75.135.197.26
623,Fayth,Colleer,fcolleerha@gravatar.com,Female,250.122.58.135
624,Christian,McGilben,cmcgilbenhb@fc2.com,Female,236.109.94.182
625,Gilbert,Kitchiner,gkitchinerhc@furl.net,Male,17.154.114.67
626,Virge,Smallcomb,vsmallcombhd@pbs.org,Male,21.164.149.219
627,Albina,Du Barry,adubarryhe@opensource.org,Female,238.1.67.174
628,Sybille,Cable,scablehf@vimeo.com,Female,163.121.114.52
629,Abran,Mackneis,amackneishg@washingtonpost.com,Male,74.133.187.63
630,Essie,Mc Caghan,emccaghanhh@homestead.com,Non-binary,192.144.164.20
631,Cecil,Waker,cwakerhi@unblog.fr,Male,1.189.113.6
632,Artemus,Dutnell,adutnellhj@mayoclinic.com,Male,138.65.220.190
633,Nydia,Blackie,nblackiehk@va.gov,Female,125.227.158.77
634,Florentia,Baudi,fbaudihl@go.com,Female,89.69.149.191
635,Concordia,Havill,chavillhm@howstuffworks.com,Female,132.2.216.128
636,Hallsy,Gajewski,hgajewskihn@unicef.org,Male,189.17.187.241
637,Alexandro,Benjefield,abenjefieldho@addthis.com,Male,78.245.210.2
638,Sela,Try,stryhp@un.org,Female,183.251.35.247
639,Lew,Matys,lmatyshq@guardian.co.uk,Male,67.240.197.236
640,Noell,Dhennin,ndhenninhr@unesco.org,Female,120.71.40.215
641,Maurizia,Mathou,mmathouhs@simplemachines.org,Female,171.213.247.178
642,Arley,Whitchurch,awhitchurchht@ihg.com,Male,94.106.54.99
643,Janenna,Suston,jsustonhu@springer.com,Non-binary,208.219.119.205
644,Janos,Izkovicz,jizkoviczhv@plala.or.jp,Male,145.41.246.232
645,Jarrid,Mytton,jmyttonhw@npr.org,Male,207.139.195.223
646,Anders,McCheyne,amccheynehx@netvibes.com,Male,166.123.37.213
647,Eldridge,Odney,eodneyhy@cbsnews.com,Male,214.156.172.214
648,Swen,Hardan,shardanhz@lycos.com,Male,106.32.204.66
649,Eberhard,Rate,eratei0@timesonline.co.uk,Male,124.220.126.178
650,Umeko,Rickeard,urickeardi1@amazon.co.uk,Female,29.220.65.54
651,Babbie,Treleven,btreleveni2@toplist.cz,Female,55.220.196.198
652,Karlan,Mussett,kmussetti3@google.ca,Male,214.66.0.168
653,Toby,Caller,tcalleri4@nps.gov,Male,137.56.174.152
654,Corny,Gasticke,cgastickei5@cbc.ca,Polygender,12.4.253.229
655,Eugenio,Riehm,eriehmi6@vk.com,Male,246.117.152.79
656,Monroe,Rubega,mrubegai7@mozilla.com,Male,5.132.251.222
657,Georgy,Flintuff,gflintuffi8@usa.gov,Male,215.169.93.174
658,Drucill,Toxell,dtoxelli9@goodreads.com,Female,224.70.29.90
659,Vitoria,Wheeler,vwheeleria@skyrock.com,Female,109.238.221.50
660,Halimeda,Mair,hmairib@go.com,Female,44.192.128.163
661,Erl,Cohen,ecohenic@addthis.com,Male,143.68.189.41
662,Pepe,Whebell,pwhebellid@senate.gov,Male,66.94.78.56
663,Aguie,Witt,awittie@github.com,Male,31.125.143.228
664,Hedda,Guy,hguyif@usda.gov,Female,47.110.243.106
665,Fairlie,Thing,fthingig@examiner.com,Male,128.191.195.145
666,Mureil,Lante,mlanteih@godaddy.com,Female,77.54.121.158
667,Fletcher,McGlynn,fmcglynnii@soundcloud.com,Male,110.136.148.180
668,Walsh,MacKnockiter,wmacknockiterij@sakura.ne.jp,Male,116.192.214.130
669,Lefty,Riccard,lriccardik@furl.net,Male,0.55.54.200
670,Mina,Dood,mdoodil@disqus.com,Female,173.101.191.162
671,Ronny,Yallowley,ryallowleyim@who.int,Female,29.22.143.183
672,Benjamen,Shuttle,bshuttlein@ox.ac.uk,Male,34.178.48.227
673,Bonnee,Andersen,bandersenio@patch.com,Bigender,169.160.118.144
674,Gabriela,Duchesne,gduchesneip@google.nl,Female,151.138.202.94
675,Elfreda,Pechell,epechelliq@cam.ac.uk,Female,94.100.252.70
676,Shanta,Gianinotti,sgianinottiir@fastcompany.com,Female,62.86.106.226
677,Ruddy,Chidzoy,rchidzoyis@webmd.com,Male,228.130.143.49
678,Tonya,Ruoss,truossit@usnews.com,Female,138.108.87.6
679,Myrwyn,Bohike,mbohikeiu@deliciousdays.com,Male,193.83.189.167
680,Kimbell,Camock,kcamockiv@alexa.com,Male,89.12.218.189
681,Friedrich,Stillmann,fstillmanniw@goo.ne.jp,Genderfluid,179.137.43.123
682,Sander,Shevill,sshevillix@dropbox.com,Male,102.209.120.125
683,Shelton,Taleworth,staleworthiy@1688.com,Male,15.190.110.32
684,Rodney,Ogles,roglesiz@nsw.gov.au,Male,219.107.189.241
685,Brittany,Lenahan,blenahanj0@wordpress.com,Female,12.83.103.247
686,Shayna,Twiggs,stwiggsj1@scientificamerican.com,Female,164.50.234.76
687,Tucker,Divers,tdiversj2@hp.com,Male,239.26.243.6
688,Carly,Helks,chelksj3@hibu.com,Male,227.166.68.10
689,Sisile,Greedyer,sgreedyerj4@indiatimes.com,Female,20.245.117.109
690,Rochell,Daniello,rdanielloj5@github.com,Female,253.239.170.96
691,Ajay,Dibbe,adibbej6@pagesperso-orange.fr,Bigender,213.5.235.138
692,Jamaal,Jones,jjonesj7@abc.net.au,Male,164.52.158.207
693,Cloe,Winsom,cwinsomj8@wordpress.org,Female,153.206.138.206
694,Arlinda,Fricker,africkerj9@nydailynews.com,Agender,238.6.120.223
695,Ernestus,Gooder,egooderja@discuz.net,Male,131.252.2.184
696,Haleigh,Delacour,hdelacourjb@smh.com.au,Female,253.139.214.18
697,Beverlie,Haslock,bhaslockjc@ebay.co.uk,Female,216.7.121.209
698,Selena,Schoroder,sschoroderjd@bravesites.com,Female,242.78.51.44
699,Genevra,Rawlinson,grawlinsonje@newyorker.com,Female,251.3.4.205
700,Daveta,Zammitt,dzammittjf@angelfire.com,Female,192.22.138.111
701,Korella,Lamb,klambjg@theglobeandmail.com,Female,12.69.125.200
702,Gisele,Brann,gbrannjh@scientificamerican.com,Agender,228.159.136.79
703,Norris,Jeratt,njerattji@1688.com,Male,214.84.204.7
704,Angelico,Valti,avaltijj@google.es,Male,96.44.125.126
705,Hodge,Arendt,harendtjk@hugedomains.com,Male,175.200.144.64
706,Kristien,Chifney,kchifneyjl@berkeley.edu,Female,211.195.118.175
707,Frederich,Pane,fpanejm@squarespace.com,Male,114.158.189.71
708,Celestyna,Jorin,cjorinjn@histats.com,Female,252.44.84.22
709,Waldemar,Mattschas,wmattschasjo@sbwire.com,Male,213.83.3.45
710,Gayler,Parley,gparleyjp@360.cn,Male,207.165.33.251
711,Lucilia,Devonside,ldevonsidejq@tinyurl.com,Female,133.73.172.146
712,Coralie,Piotr,cpiotrjr@discovery.com,Female,143.5.213.123
713,Hasty,Cescotti,hcescottijs@addtoany.com,Agender,149.82.216.192
714,Daron,Murdie,dmurdiejt@nymag.com,Male,185.245.247.108
715,Adelheid,Newburn,anewburnju@bloglovin.com,Female,236.47.26.253
716,Dani,Sherrum,dsherrumjv@mit.edu,Male,83.199.26.67
717,Leonid,Butler-Bowdon,lbutlerbowdonjw@biblegateway.com,Male,101.77.9.141
718,Chickie,Robjents,crobjentsjx@dailymotion.com,Female,26.186.148.93
719,Gray,McMeanma,gmcmeanmajy@ow.ly,Female,123.109.181.150
720,Charlie,Sertin,csertinjz@omniture.com,Male,165.100.152.31
721,Bobine,Rammell,brammellk0@123-reg.co.uk,Female,76.6.242.79
722,Brigida,Johantges,bjohantgesk1@wix.com,Female,170.141.105.46
723,Kellie,Hegdonne,khegdonnek2@clickbank.net,Female,15.212.201.62
724,Allix,Blasoni,ablasonik3@4shared.com,Non-binary,155.191.123.135
725,Linoel,Backe,lbackek4@dyndns.org,Male,178.127.12.114
726,Brigg,Camden,bcamdenk5@smh.com.au,Genderfluid,231.153.69.179
727,Jeanne,Lehrian,jlehriank6@webnode.com,Female,75.133.98.100
728,Felicity,Bremond,fbremondk7@japanpost.jp,Female,22.68.28.240
729,Jennette,Wythe,jwythek8@usda.gov,Female,111.49.199.187
730,Trenton,Romera,tromerak9@blogspot.com,Male,203.136.60.86
731,Devy,McGahey,dmcgaheyka@ustream.tv,Male,218.50.52.9
732,Darrell,Dougary,ddougarykb@cpanel.net,Male,185.241.128.17
733,Sansone,Rushman,srushmankc@scientificamerican.com,Male,147.167.131.237
734,Honey,Shore,hshorekd@facebook.com,Female,103.215.141.112
735,Aron,Ambrogioni,aambrogionike@stumbleupon.com,Male,55.200.229.228
736,Pate,Bannell,pbannellkf@dailymail.co.uk,Male,44.106.123.170
737,Catherin,Donohue,cdonohuekg@cyberchimps.com,Female,217.87.215.177
738,Cassius,Egginson,cegginsonkh@fastcompany.com,Male,226.225.221.106
739,Rawley,McCrainor,rmccrainorki@lycos.com,Male,171.125.192.255
740,Jacinda,Hairsnape,jhairsnapekj@gravatar.com,Female,211.172.127.121
741,Desiri,Sumnall,dsumnallkk@nbcnews.com,Female,89.55.48.29
742,Bret,Oherlihy,boherlihykl@netscape.com,Male,23.174.14.46
743,Giuseppe,Filipic,gfilipickm@examiner.com,Male,244.3.106.199
744,Freddie,Grishakov,fgrishakovkn@ehow.com,Male,129.219.164.31
745,Wynnie,Pottage,wpottageko@yale.edu,Female,224.132.218.64
746,Cesaro,Shivlin,cshivlinkp@tinyurl.com,Genderfluid,138.51.153.7
747,Britt,Bonifant,bbonifantkq@gravatar.com,Male,107.120.186.197
748,Brucie,Barter,bbarterkr@sina.com.cn,Male,224.112.70.246
749,Eleanor,MacCostigan,emaccostiganks@ox.ac.uk,Female,141.224.51.57
750,Laurette,Foucher,lfoucherkt@cdc.gov,Female,132.39.87.197
751,Cecilius,Sheed,csheedku@salon.com,Male,153.32.131.0
752,Chantal,Gard,cgardkv@newyorker.com,Female,113.234.215.133
753,Nickey,Sam,nsamkw@rediff.com,Male,206.6.227.124
754,Levy,Killen,lkillenkx@geocities.jp,Male,246.108.160.78
755,Joseph,Barthorpe,jbarthorpeky@themeforest.net,Male,25.176.24.133
756,Faye,Penella,fpenellakz@nba.com,Agender,158.186.100.119
757,Melesa,Spinnace,mspinnacel0@diigo.com,Genderfluid,253.53.96.252
758,Dyann,Judson,djudsonl1@hc360.com,Female,192.194.107.3
759,Emalee,Dy,edyl2@yahoo.com,Female,186.191.160.234
760,Tedra,Arons,taronsl3@alexa.com,Female,1.26.207.162
761,Tracie,Benbrick,tbenbrickl4@marketwatch.com,Genderfluid,197.253.25.225
762,Rollin,Peartree,rpeartreel5@usda.gov,Male,107.97.159.212
763,Deborah,Keller,dkellerl6@house.gov,Female,157.44.10.112
764,Terence,O'Shiel,toshiell7@washington.edu,Male,250.248.132.252
765,Augustine,Colquhoun,acolquhounl8@cdc.gov,Non-binary,247.119.199.202
766,Wolf,Bottinelli,wbottinellil9@vimeo.com,Genderfluid,28.108.48.94
767,Ian,Serridge,iserridgela@sciencedaily.com,Male,251.150.90.149
768,Nealon,Knocker,nknockerlb@miibeian.gov.cn,Male,24.79.211.130
769,Skipp,McNevin,smcnevinlc@umn.edu,Agender,38.14.61.165
770,Justus,McGrale,jmcgraleld@netscape.com,Genderfluid,191.95.222.124
771,Giralda,Cattach,gcattachle@ebay.co.uk,Agender,93.57.210.162
772,Nial,Poles,npoleslf@geocities.com,Male,171.224.56.78
773,Arlee,Pitford,apitfordlg@dell.com,Female,77.179.112.152
774,Garey,Aldwick,galdwicklh@umich.edu,Male,96.239.102.3
775,Rosmunda,Vasyaev,rvasyaevli@addthis.com,Female,239.64.110.119
776,Pail,Wenham,pwenhamlj@tumblr.com,Male,11.25.32.77
777,Lawrence,Brandi,lbrandilk@tiny.cc,Male,88.107.29.127
778,Gherardo,Parrot,gparrotll@dion.ne.jp,Male,77.249.17.157
779,Iago,Sands-Allan,isandsallanlm@yandex.ru,Male,187.3.239.192
780,Dunstan,Lowton,dlowtonln@bizjournals.com,Male,0.176.141.98
781,Rowe,Clavey,rclaveylo@freewebs.com,Female,113.93.78.94
782,Helli,Collington,hcollingtonlp@tinypic.com,Female,101.38.195.10
783,Ddene,Thame,dthamelq@mediafire.com,Female,218.251.137.124
784,Anne,Dunbavin,adunbavinlr@nbcnews.com,Female,209.11.133.64
785,Nancey,Hurdiss,nhurdissls@cornell.edu,Female,119.139.224.53
786,Niko,Reichelt,nreicheltlt@people.com.cn,Male,105.210.197.113
787,Jessa,Whall,jwhalllu@comsenz.com,Agender,214.108.50.171
788,Elden,Leet,eleetlv@devhub.com,Male,26.161.251.213
789,Leonie,Kuhlmey,lkuhlmeylw@webeden.co.uk,Female,102.104.193.215
790,Der,Plover,dploverlx@google.fr,Male,50.135.76.188
791,Katerina,Ianne,kiannely@cmu.edu,Female,123.96.170.10
792,Janette,Edie,jedielz@a8.net,Female,1.178.84.35
793,Jordan,Eisig,jeisigm0@mapy.cz,Genderqueer,165.67.115.106
794,Blaine,Posse,bpossem1@instagram.com,Male,25.54.156.200
795,Pete,Woodrow,pwoodrowm2@statcounter.com,Male,83.46.60.146
796,Rosa,Boodle,rboodlem3@google.de,Female,230.215.154.40
797,Randene,Denzilow,rdenzilowm4@google.de,Female,32.76.137.97
798,Alfredo,O'Hartigan,aohartiganm5@ibm.com,Male,23.79.220.21
799,Doria,Dollen,ddollenm6@hp.com,Female,14.236.129.46
800,Ilsa,Jancik,ijancikm7@who.int,Female,66.14.174.252
801,Meta,Matias,mmatiasm8@ow.ly,Female,251.161.246.165
802,Kayne,Gruby,kgrubym9@ucsd.edu,Male,49.160.126.122
803,Maximilianus,Donalson,mdonalsonma@ycombinator.com,Male,16.136.23.104
804,Teodoro,Leahey,tleaheymb@thetimes.co.uk,Agender,187.84.20.236
805,Estevan,Jovovic,ejovovicmc@princeton.edu,Bigender,133.35.195.55
806,Charissa,Graysmark,cgraysmarkmd@goo.ne.jp,Female,115.20.18.202
807,Dex,Degnen,ddegnenme@oracle.com,Male,136.156.67.156
808,Darrick,Stothard,dstothardmf@digg.com,Male,180.252.76.43
809,Aurilia,Brandino,abrandinomg@eepurl.com,Female,32.203.100.63
810,Fayina,Mattheeuw,fmattheeuwmh@google.es,Female,64.56.243.168
811,Zerk,Cloutt,zclouttmi@hostgator.com,Male,204.97.91.179
812,Ash,Halbard,ahalbardmj@wix.com,Male,12.246.22.75
813,Cherye,Bowyer,cbowyermk@apache.org,Agender,228.179.149.147
814,Layton,Prall,lprallml@chicagotribune.com,Male,67.195.221.21
815,Chen,Bulle,cbullemm@wisc.edu,Male,239.0.145.194
816,Beau,Inglish,binglishmn@elegantthemes.com,Male,115.220.244.250
817,Weston,Izkovicz,wizkoviczmo@studiopress.com,Male,69.52.192.48
818,Adams,Biaggiotti,abiaggiottimp@xing.com,Male,209.249.183.227
819,Quintana,Tucker,qtuckermq@seattletimes.com,Female,215.94.196.188
820,Ximenes,Forman,xformanmr@amazon.co.uk,Male,107.254.140.52
821,Frederico,Rarity,frarityms@prlog.org,Male,38.210.233.122
822,Lorette,Manicom,lmanicommt@samsung.com,Agender,169.237.227.38
823,Aland,Mowling,amowlingmu@ted.com,Male,101.181.149.138
824,Dacy,Bonwell,dbonwellmv@amazon.com,Female,147.110.172.185
825,Susann,Withnall,swithnallmw@php.net,Female,80.197.50.110
826,Zechariah,Georgeon,zgeorgeonmx@unicef.org,Male,17.253.232.75
827,Roland,Glendining,rglendiningmy@scribd.com,Male,43.154.241.167
828,Anneliese,Simionato,asimionatomz@salon.com,Female,81.157.140.138
829,Heall,Bellows,hbellowsn0@forbes.com,Male,7.56.251.228
830,Carlos,Rambadt,crambadtn1@spiegel.de,Male,177.250.172.229
831,Laurianne,Standbridge,lstandbridgen2@infoseek.co.jp,Non-binary,80.198.103.192
832,Elinor,Tenant,etenantn3@addthis.com,Female,191.202.219.241
833,Gladys,Gillbee,ggillbeen4@mac.com,Female,171.47.25.32
834,Tyrus,Gudahy,tgudahyn5@google.fr,Male,252.225.101.164
835,Shari,Hansod,shansodn6@cyberchimps.com,Female,33.124.82.218
836,Ira,Jerger,ijergern7@unblog.fr,Female,38.255.196.98
837,Cosette,Zylbermann,czylbermannn8@meetup.com,Female,53.121.223.33
838,Loria,Angell,langelln9@yolasite.com,Female,25.129.22.172
839,Lusa,Mapletoft,lmapletoftna@blogtalkradio.com,Female,132.151.253.230
840,Kial,Brunnstein,kbrunnsteinnb@unc.edu,Non-binary,10.205.214.125
841,Valenka,Tees,vteesnc@google.com,Female,108.66.124.88
842,Onofredo,Flower,oflowernd@japanpost.jp,Male,17.0.198.78
843,Kyla,Maskill,kmaskillne@instagram.com,Female,174.58.161.129
844,Bridie,Hebson,bhebsonnf@usa.gov,Female,42.136.205.175
845,Fair,Tailby,ftailbyng@about.me,Male,224.41.82.64
846,Waldemar,Balston,wbalstonnh@hexun.com,Male,168.170.98.0
847,Katlin,Kernock,kkernockni@wix.com,Female,50.66.27.100
848,Clementine,Camerana,ccamerananj@netscape.com,Female,115.3.246.28
849,Egor,Nehl,enehlnk@github.com,Male,31.1.149.17
850,Levin,Dewsnap,ldewsnapnl@spotify.com,Male,226.10.28.220
851,Deck,Kenelin,dkenelinnm@hibu.com,Male,48.234.75.85
852,Dominica,Scripture,dscripturenn@ning.com,Female,102.207.177.65
853,Larissa,Bullan,lbullanno@pagesperso-orange.fr,Female,74.118.46.163
854,Lyn,Cammocke,lcammockenp@twitpic.com,Male,19.68.152.216
855,Abby,Qusklay,aqusklaynq@hc360.com,Female,164.163.215.232
856,Reginald,Lightowlers,rlightowlersnr@mapy.cz,Male,8.113.75.46
857,Karyn,Brahm,kbrahmns@is.gd,Female,48.235.2.60
858,Sancho,Winscom,swinscomnt@nifty.com,Non-binary,0.22.153.242
859,Tilly,Lansbury,tlansburynu@pagesperso-orange.fr,Genderqueer,85.154.40.46
860,Englebert,Vannini,evannininv@skype.com,Male,219.28.119.58
861,Marget,Cluderay,mcluderaynw@nhs.uk,Female,121.230.11.164
862,Alane,Carp,acarpnx@slideshare.net,Female,145.133.147.97
863,Maureen,Slorance,msloranceny@dagondesign.com,Female,21.143.222.249
864,Randy,Bake,rbakenz@salon.com,Agender,248.161.48.143
865,Teirtza,Bonnette,tbonnetteo0@time.com,Female,212.75.74.198
866,Alexandros,Arnaudet,aarnaudeto1@ihg.com,Male,42.167.83.20
867,Lotte,Ashpital,lashpitalo2@google.it,Female,9.151.4.57
868,Graham,Salandino,gsalandinoo3@sitemeter.com,Male,71.162.41.163
869,Clarissa,Whaites,cwhaiteso4@so-net.ne.jp,Female,167.160.16.114
870,Den,Dugmore,ddugmoreo5@google.pl,Male,151.186.125.196
871,Allys,Snowman,asnowmano6@va.gov,Female,63.187.15.107
872,Charles,Smalridge,csmalridgeo7@meetup.com,Male,97.83.57.140
873,Rudy,Tombling,rtomblingo8@house.gov,Male,228.186.48.158
874,Urbanus,Nisuis,unisuiso9@quantcast.com,Male,80.44.92.123
875,Pascale,Joyce,pjoyceoa@telegraph.co.uk,Male,40.159.114.138
876,Corina,Cours,ccoursob@addthis.com,Genderfluid,75.229.104.81
877,Packston,Burnhams,pburnhamsoc@chronoengine.com,Male,133.175.64.168
878,Avrom,Liccardi,aliccardiod@miibeian.gov.cn,Male,134.162.235.201
879,Nita,Berget,nbergetoe@vistaprint.com,Female,5.145.37.165
880,Bartolemo,Bassham,bbasshamof@globo.com,Bigender,65.85.204.80
881,Alfie,Trudgion,atrudgionog@elegantthemes.com,Male,28.110.37.46
882,Chandler,Cobbald,ccobbaldoh@webeden.co.uk,Male,241.22.34.64
883,Bordy,Goman,bgomanoi@pagesperso-orange.fr,Male,149.181.65.53
884,Genvieve,Quilligan,gquilliganoj@youtu.be,Female,126.25.71.219
885,Quintilla,Cowden,qcowdenok@gizmodo.com,Agender,249.185.127.81
886,Zack,Paraman,zparamanol@auda.org.au,Male,20.156.15.127
887,Freeland,Gensavage,fgensavageom@delicious.com,Male,132.77.6.231
888,Cherida,Velez,cvelezon@bbb.org,Female,123.110.220.23
889,Wilie,Kemston,wkemstonoo@ocn.ne.jp,Female,214.231.129.244
890,Wilhelm,Hyne,whyneop@nymag.com,Male,188.99.132.146
891,Glyn,Wyant,gwyantoq@amazon.co.uk,Female,140.225.73.62
892,Lorette,Hanaford,lhanafordor@prnewswire.com,Non-binary,152.139.191.237
893,Jarad,Darkin,jdarkinos@google.es,Male,241.181.150.165
894,Corabelle,Masdin,cmasdinot@wordpress.com,Female,225.224.164.230
895,Lelah,Mirfield,lmirfieldou@hp.com,Agender,159.167.30.8
896,Tessi,Merriott,tmerriottov@wunderground.com,Female,48.25.45.210
897,Fayre,Chritchlow,fchritchlowow@ovh.net,Female,173.108.114.155
898,Roi,Probbing,rprobbingox@patch.com,Male,200.25.171.125
899,Esta,Hothersall,ehothersalloy@skyrock.com,Female,80.66.150.103
900,Danna,Malim,dmalimoz@constantcontact.com,Female,132.225.136.76
901,Peterus,Norcott,pnorcottp0@shareasale.com,Male,134.73.128.64
902,Wade,Japp,wjappp1@discuz.net,Male,252.103.12.79
903,Marty,Harome,mharomep2@jimdo.com,Male,103.254.157.86
904,Adriano,Inkin,ainkinp3@wordpress.org,Male,145.170.201.37
905,Lyndsay,Swannack,lswannackp4@sina.com.cn,Female,75.229.223.126
906,Roby,McBlain,rmcblainp5@123-reg.co.uk,Female,55.152.215.150
907,Jo-ann,Linzee,jlinzeep6@cam.ac.uk,Female,186.223.230.30
908,Arny,Tipple,atipplep7@quantcast.com,Male,84.228.62.57
909,Gusta,Swainsbury,gswainsburyp8@webmd.com,Female,203.80.20.107
910,Bernita,Legat,blegatp9@liveinternet.ru,Agender,205.196.185.30
911,Harrie,Fust,hfustpa@admin.ch,Female,68.123.241.57
912,Phaidra,Oldman,poldmanpb@blogger.com,Female,180.251.209.30
913,Clemmy,Lalley,clalleypc@behance.net,Male,187.10.116.233
914,Dorotea,McNeigh,dmcneighpd@answers.com,Female,42.90.130.116
915,Dean,Knotton,dknottonpe@cisco.com,Male,76.173.81.128
916,Fara,Morrilly,fmorrillypf@answers.com,Female,34.36.189.42
917,Winston,Barrowcliff,wbarrowcliffpg@ustream.tv,Male,38.12.29.90
918,Nial,Sier,nsierph@narod.ru,Male,132.249.88.202
919,Bancroft,Budgeon,bbudgeonpi@cpanel.net,Male,234.152.255.155
920,Ibbie,Eddington,ieddingtonpj@smugmug.com,Female,26.121.138.235
921,Yance,Henze,yhenzepk@acquirethisname.com,Male,128.68.104.42
922,Witty,Lesek,wlesekpl@networksolutions.com,Male,101.230.146.15
923,Gusella,Jaegar,gjaegarpm@cornell.edu,Female,159.133.182.131
924,Olympie,Marten,omartenpn@nytimes.com,Female,132.233.168.182
925,Nikolaus,Suscens,nsuscenspo@dmoz.org,Male,184.112.103.71
926,Reamonn,Pierse,rpiersepp@sogou.com,Genderfluid,126.211.47.155
927,Catlaina,Catley,ccatleypq@csmonitor.com,Female,129.68.75.127
928,Sumner,Garratty,sgarrattypr@theatlantic.com,Male,188.124.178.223
929,Luciano,Korneichuk,lkorneichukps@independent.co.uk,Male,76.110.10.13
930,Kevyn,Dews,kdewspt@marriott.com,Female,1.194.242.241
931,Tobiah,Huddy,thuddypu@artisteer.com,Male,100.18.90.84
932,Thatch,Del Checolo,tdelchecolopv@irs.gov,Male,118.113.116.199
933,Ara,Press,apresspw@statcounter.com,Male,203.65.117.93
934,Corette,Matevushev,cmatevushevpx@aol.com,Female,176.24.21.176
935,Babbette,Hodgin,bhodginpy@comcast.net,Female,241.161.64.190
936,Beverie,Emblin,bemblinpz@rambler.ru,Female,94.148.85.123
937,Derron,Boatwright,dboatwrightq0@naver.com,Male,53.118.47.247
938,Hettie,Caukill,hcaukillq1@yale.edu,Female,169.162.189.122
939,Montgomery,Rosenstock,mrosenstockq2@free.fr,Male,203.117.82.48
940,Claretta,Darragon,cdarragonq3@columbia.edu,Non-binary,64.126.201.132
941,Camella,Alexsandrev,calexsandrevq4@nba.com,Female,253.147.169.248
942,Thia,Keddie,tkeddieq5@blogtalkradio.com,Female,162.189.150.192
943,Beale,Ciccottio,bciccottioq6@acquirethisname.com,Male,71.81.169.71
944,Kevin,Osinin,kosininq7@bravesites.com,Male,167.39.60.242
945,Gannie,Jiruch,gjiruchq8@bloglovin.com,Non-binary,52.247.12.61
946,Gustie,Aylen,gaylenq9@youtube.com,Female,215.148.193.213
947,Maxy,Dimond,mdimondqa@who.int,Female,209.95.76.162
948,Liam,Merrett,lmerrettqb@hhs.gov,Male,65.230.31.169
949,Chrissie,Mitchiner,cmitchinerqc@163.com,Male,92.54.169.117
950,Osmond,Weathey,oweatheyqd@adobe.com,Male,209.149.60.203
951,Alyson,Gerrelts,agerreltsqe@google.com.br,Female,27.45.56.57
952,Adler,Talby,atalbyqf@ebay.co.uk,Male,113.187.255.76
953,James,Hylton,jhyltonqg@jimdo.com,Male,122.29.147.191
954,Baxter,Schruur,bschruurqh@devhub.com,Male,95.94.30.28
955,Angelita,Yorkston,ayorkstonqi@wsj.com,Female,114.237.255.211
956,Joellyn,Blasius,jblasiusqj@dmoz.org,Female,100.10.169.75
957,Jone,Sleit,jsleitqk@state.gov,Male,225.88.71.228
958,Marin,Liggins,mligginsql@sun.com,Female,20.27.146.237
959,Noemi,Brok,nbrokqm@shinystat.com,Female,141.32.235.109
960,Elihu,Lemoir,elemoirqn@nps.gov,Male,110.25.220.202
961,Danna,Meddick,dmeddickqo@php.net,Female,131.137.102.214
962,Ossie,Sambidge,osambidgeqp@deliciousdays.com,Male,208.123.207.205
963,Alley,Woodhouse,awoodhouseqq@youtu.be,Male,93.44.66.173
964,Sigfried,Ochterlony,sochterlonyqr@utexas.edu,Male,90.154.253.102
965,Frank,Welberry,fwelberryqs@cpanel.net,Female,30.7.71.3
966,Forrester,Pensom,fpensomqt@ucla.edu,Male,206.11.113.115
967,Duncan,De Giorgi,ddegiorgiqu@hao123.com,Male,51.122.167.116
968,Judon,Eagle,jeagleqv@jigsy.com,Male,23.7.185.203
969,Gregorio,Stopforth,gstopforthqw@patch.com,Male,132.171.249.216
970,Haven,Breakey,hbreakeyqx@arizona.edu,Agender,32.140.65.192
971,Joane,McAuslene,jmcausleneqy@jigsy.com,Female,221.106.206.56
972,Helge,Feander,hfeanderqz@skype.com,Female,219.117.91.12
973,Annadiane,O'Heagertie,aoheagertier0@yandex.ru,Female,140.249.16.85
974,Cassie,Ghion,cghionr1@eepurl.com,Bigender,141.139.177.251
975,Frances,de Merida,fdemeridar2@weebly.com,Female,147.92.174.95
976,Lucy,Kellart,lkellartr3@desdev.cn,Agender,92.5.242.128
977,Lars,Powley,lpowleyr4@discuz.net,Male,35.255.204.254
978,Fredrika,McCrisken,fmccriskenr5@jugem.jp,Female,248.12.224.134
979,Doe,Olver,dolverr6@cnbc.com,Female,180.134.169.97
980,Kiley,Bullough,kbulloughr7@hostgator.com,Female,10.181.10.55
981,Emmerich,MacGarvey,emacgarveyr8@twitpic.com,Male,31.37.80.235
982,Roley,Greenstead,rgreensteadr9@spotify.com,Male,172.147.116.142
983,Terrye,Ivanonko,tivanonkora@cafepress.com,Female,161.92.223.251
984,Pyotr,Hawkyens,phawkyensrb@bloglovin.com,Male,235.132.195.74
985,Tobie,Giorgini,tgiorginirc@sciencedirect.com,Male,94.52.100.6
986,Bone,Keat,bkeatrd@wp.com,Male,30.141.108.111
987,Inger,Pipworth,ipipworthre@moonfruit.com,Male,92.25.231.188
988,Emanuel,Pietruszka,epietruszkarf@theguardian.com,Male,179.37.42.172
989,Reyna,Wakeford,rwakefordrg@sina.com.cn,Female,98.77.124.123
990,Richie,Ridgedell,rridgedellrh@artisteer.com,Male,33.97.102.178
991,Umberto,Lafond,ulafondri@jugem.jp,Male,7.252.211.245
992,Niko,Davydzenko,ndavydzenkorj@geocities.jp,Male,186.90.215.179
993,Gustaf,Dionisetto,gdionisettork@xing.com,Male,206.56.87.135
994,Theobald,Wickham,twickhamrl@netlog.com,Male,88.195.25.74
995,Omero,Spridgeon,ospridgeonrm@nature.com,Male,244.54.92.197
996,Aarika,Benedtti,abenedttirn@printfriendly.com,Female,219.229.67.133
997,Melony,Skocroft,mskocroftro@bing.com,Bigender,227.125.231.204
998,Mario,Gowthrop,mgowthroprp@weather.com,Male,9.84.22.98
999,Lucius,Gadsden,lgadsdenrq@ycombinator.com,Male,21.121.124.85
1000,Terrance,Greschke,tgreschkerr@chicagotribune.com,Male,147.11.53.255
